[
  {
    "id": "6701e631-246b-494a-94cc-369b818a4a8d",
    "data": [
      {
        "text": "I want to apply as an ",
        "userDefined": false
      },
      {
        "text": "accountant",
        "alias": "job-vacancy",
        "meta": "@job-vacancy",
        "userDefined": true
      },
      {
        "text": ".",
        "userDefined": false
      }
    ],
    "isTemplate": false,
    "count": 0,
    "updated": 0
  },
  {
    "id": "a4cb1507-72ad-4686-9451-46b1c3d597e7",
    "data": [
      {
        "text": "I\u0027m interested in a ",
        "userDefined": false
      },
      {
        "text": "sales",
        "alias": "job-vacancy",
        "meta": "@job-vacancy",
        "userDefined": true
      },
      {
        "text": " job",
        "userDefined": false
      }
    ],
    "isTemplate": false,
    "count": 0,
    "updated": 0
  },
  {
    "id": "2f7269a3-8bf0-4f6b-9556-0a1d0cc551f6",
    "data": [
      {
        "text": "Please take my application as a ",
        "userDefined": false
      },
      {
        "text": "sales assistant",
        "alias": "job-vacancy",
        "meta": "@job-vacancy",
        "userDefined": true
      },
      {
        "text": ".",
        "userDefined": false
      }
    ],
    "isTemplate": false,
    "count": 0,
    "updated": 0
  },
  {
    "id": "834fde61-19ed-4593-ac53-613379daa436",
    "data": [
      {
        "text": "Yes, as an ",
        "userDefined": false
      },
      {
        "text": "accountant",
        "alias": "job-vacancy",
        "meta": "@job-vacancy",
        "userDefined": true
      },
      {
        "text": ".",
        "userDefined": false
      }
    ],
    "isTemplate": false,
    "count": 0,
    "updated": 0
  },
  {
    "id": "c6f69df0-5ca6-4e78-ab79-cbc09a41edff",
    "data": [
      {
        "text": "I want to apply now",
        "userDefined": false
      }
    ],
    "isTemplate": false,
    "count": 0,
    "updated": 0
  },
  {
    "id": "85beaecd-d417-4c59-9d83-6fa9f4df80ec",
    "data": [
      {
        "text": "Yes, I\u0027m interested.",
        "userDefined": false
      }
    ],
    "isTemplate": false,
    "count": 0,
    "updated": 0
  },
  {
    "id": "ea67d7d7-f8b4-4084-9145-c8fc0a967e3c",
    "data": [
      {
        "text": "Accountant",
        "alias": "job-vacancy",
        "meta": "@job-vacancy",
        "userDefined": true
      }
    ],
    "isTemplate": false,
    "count": 0,
    "updated": 0
  },
  {
    "id": "427c91b6-8eab-4d24-af62-cc1905717c76",
    "data": [
      {
        "text": "Sales",
        "alias": "job-vacancy",
        "meta": "@job-vacancy",
        "userDefined": true
      }
    ],
    "isTemplate": false,
    "count": 0,
    "updated": 0
  }
]