[
  {
    "id": "2e66490a-d305-476f-877a-bf09bc887543",
    "data": [
      {
        "text": "Is there a job vacancy in your store?",
        "userDefined": false
      }
    ],
    "isTemplate": false,
    "count": 0,
    "updated": 1509100082
  },
  {
    "id": "51713ce5-7e57-4d36-889a-736fc3513348",
    "data": [
      {
        "text": "Do you have a job opening?",
        "meta": "@sys.ignore",
        "userDefined": true
      }
    ],
    "isTemplate": false,
    "count": 0,
    "updated": 1509100082
  },
  {
    "id": "b7b53aba-9bec-4468-97e2-4d6cf951180b",
    "data": [
      {
        "text": "Are you looking for new employees?",
        "userDefined": false
      }
    ],
    "isTemplate": false,
    "count": 0,
    "updated": 1509100082
  },
  {
    "id": "eaea5d4d-89c2-4102-9dbf-05c17177f7a7",
    "data": [
      {
        "text": "I\u0027m looking for new career opportunity.",
        "userDefined": false
      }
    ],
    "isTemplate": false,
    "count": 0,
    "updated": 1509100082
  },
  {
    "id": "a873aa0a-7541-4fac-b077-4dc813310bdd",
    "data": [
      {
        "text": "Can I start a career in your company?",
        "userDefined": false
      }
    ],
    "isTemplate": false,
    "count": 0,
    "updated": 1509100082
  }
]