[
  {
    "id": "273d617d-418f-4366-a01f-349f172110b0",
    "data": [
      {
        "text": "no",
        "userDefined": false
      }
    ],
    "isTemplate": false,
    "count": 0,
    "updated": 0
  },
  {
    "id": "5611aab3-21d0-41d0-ba60-cced57073cb2",
    "data": [
      {
        "text": "not right now",
        "userDefined": false
      }
    ],
    "isTemplate": false,
    "count": 0,
    "updated": 0
  },
  {
    "id": "54e9b7c0-8599-4dd1-8e0e-19d561127561",
    "data": [
      {
        "text": "I won\u0027t apply",
        "userDefined": false
      }
    ],
    "isTemplate": false,
    "count": 0,
    "updated": 0
  },
  {
    "id": "e49202c0-dd47-48dc-8be6-a463c3d1c994",
    "data": [
      {
        "text": "Nothing interesting",
        "userDefined": false
      }
    ],
    "isTemplate": false,
    "count": 0,
    "updated": 0
  },
  {
    "id": "cf006519-075a-4414-861d-1f1e92217c92",
    "data": [
      {
        "text": "I\u0027ll apply later",
        "userDefined": false
      }
    ],
    "isTemplate": false,
    "count": 0,
    "updated": 0
  },
  {
    "id": "824e8851-4842-4519-9253-8e790538fc98",
    "data": [
      {
        "text": "Maybe later",
        "userDefined": false
      }
    ],
    "isTemplate": false,
    "count": 0,
    "updated": 0
  },
  {
    "id": "00d50c5a-e6b6-436a-9019-a0bd841c6ac7",
    "data": [
      {
        "text": "Not interested right now",
        "userDefined": false
      }
    ],
    "isTemplate": false,
    "count": 0,
    "updated": 0
  },
  {
    "id": "95c3f7e9-1958-437f-a40f-cf461d18e84e",
    "data": [
      {
        "text": "None",
        "userDefined": false
      }
    ],
    "isTemplate": false,
    "count": 0,
    "updated": 0
  }
]